-7.775054585260204876e-02;1.232263846879255720e-01;-1.237655493969936210e-01;-1.916291510681366606e-01;-4.155724009364427513e-02;-3.146536215176948953e-02;-1.902616458447303760e-01;9.363904809916309691e-02;-9.141958287429703678e-02;1.198454793334581964e-01
-2.427455880372433594e-01;2.200952437256683270e-01;2.493834842871047244e-02;1.412279748000892510e-01;9.372187283061278115e-03;-5.130156430924601857e-02;3.319851602200981494e-02;-8.212665859574068417e-02;1.015897124075348240e-01;3.255268852057845996e-01
-1.761486698175588339e-01;-1.618394577358127084e-01;-1.352965176373006340e-01;2.971891543108718184e-02;1.570786375080490682e-01;-1.312401227330153297e-01;1.184463764143582204e-01;-6.853090830127070432e-02;9.582817162858540960e-02;2.632580728832174533e-01
1.360952203028552576e-01;2.123377125402677590e-01;2.157635258287991797e-01;3.304532844548510595e-01;4.186696977504925088e-01;3.509951549898721601e-01;2.892030022407156009e-01;2.743663976442078933e-01;3.197142071504038841e-01;-3.535306868695618082e-02
-1.671805784717977916e-01;-1.480053529592154637e-01;-3.101998742365536521e-01;-2.335409533900145163e-01;1.729693415423481928e-02;-3.153128190992163793e-01;-4.382557032809955566e-02;-3.571953908961518764e-01;-1.826617584100428404e-01;5.714713161255409457e-02
-4.959796686993797610e-02;8.720240046097860187e-02;-3.259053283198515283e-02;1.431566003544624266e-01;1.777896027378726151e-01;-1.272172190698444838e-01;-1.276680967746768869e-01;8.174721838893114767e-02;2.346025817514025003e-01;-1.219085546950923055e-01
1.618931660664858496e-01;-1.422121925553949950e-01;4.778697281694695848e-02;2.757618212045051184e-02;1.897093625087861446e-01;1.084866339253167805e-01;-4.300512425935072713e-02;-2.065802938776339082e-01;-1.411361259469955387e-01;1.583883490476587497e-01
2.191685448716153006e-01;-2.288701172233782166e-01;-2.547465990589940082e-02;3.406895548582940525e-01;-1.976939738544280234e-01;3.356247682110714836e-02;1.874171538530390591e-01;-1.233910213275366680e-02;2.205749796254424244e-01;-5.549571617102447979e-02
5.675536549484541671e-02;8.390560997592869108e-02;-2.349664075309902955e-01;1.681036742157377417e-01;4.457454883589631600e-02;-2.825047309451025335e-01;1.294951913233172505e-02;-5.271961469388895816e-02;6.802725424639206875e-02;2.179944403102298534e-01
-2.727989095076555071e-01;-2.340390452918176822e-01;1.340131808280779213e-01;2.316466855396621394e-01;-3.539966826535949351e-02;3.567200335693311575e-02;-8.642513178843488908e-02;-6.120905768211978154e-02;2.300895054657906558e-01;-4.893895337689915803e-02
-6.232483133299561440e-02;-5.635073976968724141e-02;-8.600133406488495724e-02;-3.031112981699694009e-01;8.670309790142285977e-02;9.563932686449259923e-02;-3.085333237521581048e-02;4.825418441968602756e-02;1.887333084954209428e-01;-2.020263396534261735e-01
-1.004391955314924006e-01;-2.465740830561646835e-02;-3.417882563917276628e-01;2.427944260179652480e-01;5.989630363570327964e-02;-1.053857606210321929e-02;1.035059853061480462e-02;-4.750421471408992902e-02;-2.253560901936928762e-01;-7.653571733867253757e-02
-6.430117256064409037e-02;1.422650767803077809e-01;-2.894180228317111414e-01;-2.541023272905022501e-01;2.964575228297040344e-04;7.312245342716480745e-02;-2.238921790345288210e-01;7.774523559598547906e-02;-8.035354506267218880e-03;-1.141017213027384902e-01
-2.012931416585667932e-01;-1.512670779471933236e-01;-5.865934631197904092e-02;-4.084671900315352266e-02;-2.009377552276730150e-01;-6.995744330684537660e-02;-9.252086458836819571e-02;2.233503414662208197e-01;-2.355489204607100033e-03;-2.520641899525232210e-01
-6.695925014039774692e-02;-1.134900969975763535e-01;-7.453886558863014045e-02;2.190583554612180253e-03;2.051104609916259980e-01;-2.621847909345507710e-01;5.116800461568815628e-02;2.089635350406645470e-02;3.305399088540866837e-01;2.256251064545115870e-01
2.744277183987128277e-01;2.525378092817432418e-01;-6.907021686053253784e-02;4.799724333562656320e-02;-1.620465381693589613e-01;-7.120874636378572708e-02;-6.141434463663599658e-02;1.597747546383962158e-01;2.529862973479455879e-01;1.483535911947960195e-01
3.098608143744598920e-01;-1.808371792003381773e-01;-7.064096014870133514e-03;1.107821839784983858e-01;-2.952605739215084513e-01;-8.000463145733947845e-02;7.889476340260523357e-02;1.891853667760326763e-01;-2.004778405768524729e-01;-1.170289691205393529e-01
-2.437573111229454081e-01;-2.057538161476193672e-01;-3.325082884733271404e-01;-2.664650088437397479e-01;-1.919041523868322552e-01;-1.841625249106643436e-01;-2.454380377482937858e-01;-2.738283929654675500e-02;-2.556280581857625078e-01;-1.796887563207593685e-01
-6.938012190916754973e-02;-1.721621740933775013e-01;-1.007736860864568568e-01;-1.231870435372835748e-01;-1.774945303960545895e-01;-2.389602116991895453e-01;9.693579460530834732e-03;-1.119534226329264442e-01;-2.780528996469843750e-01;1.133931593401373006e-01
-1.618905503832263615e-01;1.207077147115210441e-01;1.125790065634036108e-01;-1.230216680117779404e-01;-5.397463720592580311e-02;3.041259137173219496e-01;-1.967354599283999139e-01;-1.102596907858163916e-01;-2.819859350830403524e-02;-9.051627293032851740e-02
-2.835009167635996752e-01;-1.564792657993513414e-01;-2.429437299253827884e-02;-2.156729859934050364e-01;-2.204397688417105428e-01;1.609759701086764874e-02;-6.661500192049195660e-04;-1.270924153786536226e-01;-2.600769736675718757e-01;-1.525703984092226240e-01
-5.507958321951836322e-02;-1.298177079748792095e-01;-2.528129634220689925e-01;-2.843247801418828935e-01;-3.109996779997060146e-01;-2.494219144288917223e-01;-3.263553621227380241e-01;-1.880038698962271937e-01;1.170744588041620210e-01;-1.749365930536788127e-01
-4.951364641047254628e-02;-1.985958496940597173e-01;-2.024070266797497186e-01;1.677279650778698838e-01;1.147981913675394094e-01;-2.418346510470770552e-02;3.459375378563361858e-02;4.420229165541424421e-01;-1.608715559795434735e-01;-2.044688802542202477e-01
-2.550205933475400699e-01;4.061008260142967563e-01;-2.936232399303538854e-01;5.008591713522814876e-02;-1.296363098287066085e-01;-3.406410784781312845e-02;-9.378549831202685760e-02;-1.141478997692491199e-01;3.607250350866157695e-02;-4.513448192672535461e-04
-1.357207976816572625e-02;1.814178061654920793e-01;1.017606423025888412e-01;8.251878923865920215e-03;-3.756688088714157936e-01;1.835415941407678442e-01;-1.146847835193880727e-01;-2.244704507526343873e-01;6.308759871240238182e-02;-2.396688013013279495e-01
4.061465604093772441e-01;2.302199490059547160e-01;3.975394036556424704e-02;-2.322967220466648774e-01;6.085508873562801846e-02;-1.912455633385903159e-02;3.953603395045348079e-01;2.103606406220354386e-01;8.878539966229713476e-02;-1.598656113475848128e-01
2.269835861971632174e-01;2.568601920653943438e-01;-1.743994222223565760e-01;-1.839832525829118715e-01;1.248615966739292926e-01;2.437623750665886824e-01;-1.988416701497980332e-01;2.805925673685891186e-02;1.377215473205214702e-01;-1.731519231698316896e-01
-4.601549003932191295e-02;-3.590393477155733870e-01;1.535735841774878846e-02;1.829275254454987565e-01;4.129998543478498596e-01;-2.312293767942096290e-01;1.309724075464010762e-01;3.927188495593713635e-01;1.584330608874377488e-01;-2.878713141097896666e-02
-3.214932248928157460e-02;-7.003367682949604434e-02;1.993289966586268558e-01;1.500993516578660036e-01;-1.665017535340598265e-01;-2.650098947502791402e-01;7.922678727402297783e-02;1.956318701118992531e-01;-2.697327847446165938e-01;1.217693488648611405e-01
7.669792305449500691e-02;1.926961485731690238e-01;-1.870209876983835451e-01;1.263015914430342668e-01;1.621067921217324015e-01;1.844106879420277512e-01;2.423033138343435797e-02;-1.607709164322639606e-01;-1.892767354652614420e-01;1.586813848948172012e-01
2.186251425858334596e-01;-9.389156325478253962e-02;-2.791521889326510353e-01;-2.622230117007808697e-02;-1.363186696944795051e-01;-1.920481732498478256e-01;-2.481155632757460205e-01;4.203250562163371451e-02;2.926568765918833859e-01;6.259305411380357287e-02
1.265446366518651056e-01;-1.876584592493085457e-01;2.741680828696091421e-02;1.524045449470106672e-01;-3.779532337121952607e-02;-2.007600468212968892e-01;-2.992252832926590722e-01;2.161174395964523542e-01;3.783904048271172216e-01;-1.622094653089305519e-02
2.495616618417287880e-01;-8.627935225932975571e-02;1.434122592261009854e-01;2.006275876650713552e-01;4.125126252960312906e-02;1.205394326811910499e-01;-1.384710969008227655e-01;1.211528684123567984e-01;-1.733806548321686625e-01;-1.045329418442262209e-01
1.119590543689800155e-01;-1.513337797084592373e-01;-3.102347238621412998e-02;1.188284574327685417e-01;-2.379590600642259857e-01;1.296970857762003437e-01;-2.415503510139318036e-02;-1.676657431750405713e-01;-2.024584439468454095e-02;-1.620502516987049058e-01
-9.195422156709802397e-02;-1.890205600584840273e-01;3.021175029398156728e-02;2.456471322746048014e-01;3.351861928497483489e-02;5.435004059387703312e-02;-6.847054277221363561e-02;2.318550002512223540e-01;2.621657184089393536e-02;-1.644809238996737533e-01
1.260483366672539574e-01;2.180144819588641647e-01;-3.178545678782653816e-01;2.581918949756045745e-01;-4.966610011716833528e-02;1.416723281908553907e-02;-2.256150280838956357e-01;-1.217738451726464444e-01;1.711776963025926079e-01;-6.105028280270505259e-02
-5.840294584343258023e-03;-4.968715858275224440e-01;-2.542395427419419374e-01;-3.368887815894348048e-01;1.796857476876116133e-01;-5.941839614373163603e-02;-1.285366625104997218e-01;-1.198292050106355700e-01;2.096558862246714894e-01;3.089485378459222789e-02
1.597245885902772444e-01;-2.365778751833991778e-01;-1.817945319096898327e-01;-6.853641605780329271e-02;6.022837893159239259e-02;2.086136066266374989e-01;6.588751307537177304e-02;1.598259110310580877e-01;-3.237009595435469400e-02;8.301171266230099322e-02
-1.648049787732353832e-01;2.893741431107820228e-01;-1.251556276528474621e-01;-9.463200577005018155e-02;-2.000686480087472408e-01;-2.433612032188345042e-01;1.019595857384288928e-01;-4.851939859166388980e-02;1.801187364772080246e-01;1.814752983117035035e-01
1.691114703568484187e-02;1.548742036279084910e-01;-3.302871125089946736e-01;3.034656300625907521e-01;1.300536422654172408e-01;-3.218173825766635493e-02;1.678587791873330237e-01;5.052003981867556753e-02;8.406121159149484989e-02;-1.686692114376659724e-01
-4.098888034316972018e-02;-1.875144997097401636e-02;-1.343639188034127276e-02;3.284371028295846734e-02;-5.196028808812148958e-02;-8.387910144634652676e-02;-1.990472052644695275e-02;-1.435886122124697961e-01;-1.939020373419953758e-01;-2.395926667488006423e-01
-2.779788309942243796e-01;2.096545840876209293e-02;9.573485477122187226e-02;2.155819430290330935e-02;3.152161510320669602e-01;2.970048446552691485e-02;1.077741891681812877e-02;-8.137432250548685964e-02;-1.311366403625899638e-02;1.080096558176499993e-01
2.275257411946707276e-01;1.470983055431735742e-01;-1.993397422788217854e-01;4.582615873586649152e-02;3.556947043950322018e-01;-2.403958934745075993e-01;2.908888613461206585e-02;-2.621554679161261503e-01;2.178225094643315984e-01;-4.632701083940129333e-02
-2.887214289851249838e-01;2.619780202564462313e-01;5.368160736477710360e-02;-3.248629742207725379e-01;3.729835869782215790e-02;-6.129674348959276292e-02;1.552820857739279636e-01;-4.047584385523773226e-02;2.703563642517055610e-01;1.270939113896509542e-01
1.343062420577207094e-01;-1.974123818535261088e-01;8.762331186329774813e-02;-9.113937729723564640e-02;-1.507771736947565722e-01;-3.979687214960623276e-01;1.832342978362987984e-01;-8.930285416097309692e-02;2.964954071447994943e-01;-7.132632891223582294e-02
4.030590191147939705e-02;-2.455551243392712357e-01;-3.344745155327303876e-01;-2.502800377953622868e-01;-7.177903894881633440e-04;-1.539061349631395091e-02;8.308322995427531998e-02;-4.676391186170086173e-02;-2.102299260814978477e-01;-2.586400119539073450e-01
1.017977207458573841e-01;-2.029846516941765100e-01;-2.728462900866799878e-01;2.285266143423464735e-01;5.057086857470812630e-02;-2.292116292582972725e-01;-2.083644315650908241e-01;-1.097149192730013240e-01;-1.101471482962286808e-01;3.912294662742805129e-01
-1.482884621401645009e-01;1.129048309636174197e-01;-1.725587595907031313e-01;-3.330841485656016888e-03;2.476064739807278259e-01;-2.441526421845213735e-01;-2.714976735150442452e-02;-2.150653927299793211e-01;-3.199049247043603272e-01;-2.690650568545742069e-02
-2.079083390337281567e-01;9.662018806385777592e-02;1.254190335479405949e-01;-7.561021562070755625e-03;2.690331842357234771e-01;-3.578845894737567312e-02;-6.222098144474147441e-02;-6.637838848224456023e-02;-1.449157430968154026e-01;1.545660802759525332e-01
-1.008298132652166341e-02;-2.363076558527130999e-01;1.117848331645096421e-01;1.743698989554600398e-01;8.975617547200309340e-03;-5.544750374729457559e-02;1.492540845508134040e-01;1.149780929195361040e-01;-3.074057721961598877e-01;2.346684275104747863e-01
2.511160427867529243e-01;2.422817466950975274e-01;1.970965274234800502e-01;-3.305706687727330562e-02;-1.676266693206927144e-02;1.253710237685170259e-01;1.220625059763026932e-01;1.294439278490617240e-01;-1.045907552046178440e-01;2.459934109470725827e-01
1.336293751961090959e-01;6.798760990917572522e-02;3.849007354169648593e-02;-2.004538082981431601e-02;1.563739586510739243e-01;3.294056103556128323e-01;4.466344920987033035e-02;-1.716961138663337938e-01;-1.949200652865430705e-02;-4.481492767006421685e-02
1.028467921381300415e-01;-1.663749983225741580e-02;1.150368675148271125e-01;-1.343136148759006832e-01;-5.527263580723656977e-02;3.415669503374490490e-01;1.062340258835071938e-01;4.722342323291218169e-01;-2.131144552748607257e-01;-9.673427598785699910e-02
-1.585230943474580656e-01;-3.137196540778580678e-01;9.865626394060024451e-02;1.752310104170959060e-01;3.609112755060435718e-01;-2.167284489435615871e-02;6.163260733130511426e-02;9.285260048580956660e-02;-1.510208206518634244e-01;-2.571151868341738922e-01
-1.578147487871895405e-01;-1.243742616821574415e-01;1.688049104183603488e-01;-1.666246748150368995e-01;1.743935134121436239e-03;-1.535939448943046959e-01;-7.587982004847811102e-02;9.244951572069393109e-02;6.204062037447473366e-02;2.495031588242018483e-01
-8.734052504389622912e-03;6.539954784833283685e-02;7.704928124892097309e-03;-1.027049860746040988e-01;-1.496704727921957523e-01;8.098850054957296152e-02;-2.885263452480617552e-01;1.509718607987066141e-01;2.859651220681539985e-01;1.285493428038788910e-01
7.151174531365643572e-02;-1.001389111202515975e-01;8.137702623801178203e-02;1.264940728451025009e-01;-7.046065547077269564e-02;2.372286556964346149e-01;5.745913810527218668e-02;2.250883771576546802e-02;2.012876724132864892e-01;2.519385992168740040e-01
2.825186628458085103e-01;3.429427868417968261e-02;-2.462848156584998283e-01;-1.346521282635984758e-02;1.968412666020929180e-01;-1.349777591662042198e-01;-2.228230178912310178e-01;-4.934567803639140077e-02;-1.426633771038386123e-01;1.513715632545243883e-01
-1.352480135431205314e-02;-1.298145025543720188e-01;-1.809281404760017600e-02;3.994929469736804156e-02;-1.268986022531817977e-02;-9.422886514470692199e-02;-9.265608579912404386e-03;1.628052741419588195e-02;1.621441143421332443e-01;-7.285754951512174449e-02
1.263150177514139709e-02;1.983539197995356218e-01;-2.246893464373992400e-01;3.534226986364278345e-01;-1.949697139942647706e-01;2.059582241835413718e-01;3.608697144089360043e-01;2.260965065154857401e-02;-2.713644222354788874e-02;1.304099749864160995e-01
7.866157008100571613e-02;-6.618379822927532297e-02;-5.782680797702617398e-04;-4.880383016748924413e-02;1.394973025230963892e-01;2.404608137426938741e-01;3.807292413754020249e-02;2.803794142080993090e-01;-2.975931897686934224e-01;3.280852578184219603e-01
8.078975292314323486e-02;-4.591574185340796532e-02;1.573987340829230697e-01;-4.054882889729254924e-01;-1.190306933865840772e-01;3.823320391791319023e-02;7.379019750643976694e-02;-1.278760232881244463e-02;7.684855284223289507e-02;1.854146695519141158e-02
-2.831774660752921571e-02;3.260470103439194745e-01;1.703895235756004989e-01;-8.791301184984776085e-02;9.364039978098188596e-03;1.693557865487944625e-01;9.305220885146908705e-02;-1.142886714175843782e-01;-8.832556312018938205e-02;2.795467977166024576e-01
-2.205125908676965410e-02;1.716922284856335357e-01;2.346834720755141268e-01;5.997090677564168720e-02;3.536344424768758099e-01;1.186444695035276942e-01;2.002812455965069238e-01;-1.342035899905071883e-01;1.101203124889604638e-02;3.699277537976298769e-01
-1.071351158277312754e-01;-4.132905644013729618e-01;1.863798660203689894e-01;2.017873297853474846e-03;2.191781892705578494e-01;-1.939252702291975605e-02;1.029607211850746065e-02;2.963225130393798423e-01;-1.416618882196931939e-01;1.087120732456036964e-01
6.610198903610617349e-02;-1.294124437499157704e-02;-2.275346121508155239e-01;-1.851098988035965454e-01;-8.332056430933210134e-02;-1.207811862323360658e-01;8.084601074382209707e-02;1.891832267100073406e-01;8.043108332172822783e-02;-9.602678037181631987e-02
-7.776815150627734707e-02;1.747202131613899978e-01;4.628895896844593960e-02;1.320869390971278756e-01;-4.648387759518377016e-02;-1.731481556528758625e-01;-5.635491196449905760e-02;1.015493789243029346e-03;-7.296854436430656732e-02;-2.353454514633170902e-01
1.460959589020363603e-01;1.322890724315732014e-01;8.962143978886648321e-02;-1.432988959926921602e-02;1.317213376271933467e-01;2.398242674305423872e-01;9.281721126948551392e-02;3.079610095767443267e-01;3.048102637315701080e-01;-2.682186469988996902e-01
7.473776397454869047e-02;1.526104369296874264e-01;1.877453656951884875e-01;1.489282078837353696e-01;2.701004245759252437e-02;-4.629472940243199025e-02;-5.290680113906898879e-02;1.372178340572560162e-01;2.112488743942578795e-01;7.478658693979303718e-02
4.623975431101765704e-02;-2.572908629471535452e-02;4.971021844757890495e-02;-2.409228746305938917e-01;-6.154170924238523688e-02;1.151623704426878309e-01;-7.134629488405890008e-02;2.737359186184913917e-01;1.620187122381901157e-01;1.506844918680677603e-01
3.918915554484660863e-02;1.639115948780677789e-01;-1.164883216819655593e-01;3.743240297247659165e-01;1.314571715460663148e-01;1.426148714036830356e-01;1.510333671024190194e-01;3.597862968350823420e-02;-4.256593515378995045e-03;2.210763112915129294e-02
1.860026880989492509e-02;-5.243616133243067523e-02;-1.276398360278628852e-01;-4.751387518054400044e-02;-2.771295327193426528e-02;9.030108952316658055e-02;-2.141819241766505788e-01;1.411833567648141108e-01;-1.061940213331353938e-01;1.448306628192116141e-01
7.140168993952511478e-02;-9.714933687747254187e-02;1.702467792222172871e-01;2.766789089016944425e-01;-1.441794013068992478e-02;-2.140105759193008661e-01;9.941644175714847709e-02;-8.936847306063253060e-02;1.139394160658384059e-01;-1.152612214140029123e-01
1.967694305755399165e-01;-2.331436934231498337e-01;5.072640218578368387e-02;-1.066149013861593942e-01;1.116629468636043121e-01;3.902109768628229947e-02;1.819214842537939802e-01;-1.731088175112857619e-01;2.589355142030979051e-01;-1.322182712083919964e-01
-4.641158427544271603e-02;-1.599543619887612567e-01;-3.457337553364132898e-02;2.765786031802608957e-01;9.602331883580264571e-02;2.167542837246597964e-01;-4.806205255068581516e-04;3.088966093026585535e-01;2.680750046995801494e-02;2.802824040438453221e-02
-7.644081748492315143e-02;-3.971321448104267438e-04;-8.324862992399795214e-02;-2.989210946641114239e-02;3.461939323947739733e-01;-5.014771830804259228e-02;-1.434296589289555390e-01;3.125430678142297053e-02;-3.697090306462333387e-01;-2.751446486360363541e-02
1.225746357160688166e-01;2.117782069580525228e-01;2.959828784283183856e-01;-1.198873468137008347e-01;3.348917723903312438e-01;-3.818527620035635367e-02;6.090041441078875017e-02;1.080191566721344296e-02;-4.683783708189474815e-02;1.628998510482717044e-01
5.417470206628755003e-02;-1.740740435454938007e-01;3.231294721189295616e-01;-6.111354710912719063e-02;4.465087993955356438e-02;1.480244941614448639e-01;-8.833369881473580876e-02;-3.089868137746884513e-01;9.063268866441775290e-03;-2.089322231911691363e-01
-2.067107159478566714e-01;2.772624620819942320e-01;-1.071716952010240420e-01;-2.436350061354353724e-01;1.016190294977682984e-01;1.281396500383751302e-01;7.190399109920409676e-03;-6.085279167291161861e-02;-1.249719774670703804e-01;-1.104696768663193940e-01
-2.658765525872550106e-01;3.098705151328164376e-01;-3.408613358079471967e-01;-9.328984604199641595e-02;2.100955853703870557e-01;-6.602556226312827903e-02;8.117471569854034508e-02;2.628854884118132437e-02;4.593669306763789595e-02;-1.898985789538896185e-01
3.975764924692563526e-03;-1.125793496443468211e-01;-2.930636020209833811e-02;-1.252468213459328183e-01;-8.180016573725369666e-02;-8.388215418980124460e-02;-1.240116658330430721e-01;-6.608634786433432995e-02;-2.771116460980981855e-01;-1.138002832523457297e-01
-1.368066491722471079e-01;-6.440180205209897202e-02;-1.596806645346156850e-01;-2.830481632643514489e-01;-3.705501169861954436e-01;-4.192639044331026854e-01;-2.895870794884021215e-01;-3.325905081618589776e-01;-1.416775759505939647e-01;-2.825664472192223053e-01
-8.594663924820879208e-02;1.297841042919713472e-01;2.015627719814062080e-01;-2.791641145108896271e-01;5.844168671682748763e-03;1.636513725623844340e-01;-1.109407970025086537e-01;-2.854385066799372192e-02;-2.962824448266732635e-01;-4.080177269083322400e-02
-2.126424789078868449e-01;2.883880675739181054e-01;6.160752900792704906e-02;1.056260373362541832e-01;-2.543249643622608192e-02;3.882641825745580897e-03;-2.491837110456331383e-01;1.462111494637400588e-01;-3.282347653952252253e-01;9.000988328079424783e-02
-8.220373636472765337e-04;-3.720825030927469856e-01;2.437673918325384548e-01;8.284501247552340797e-02;-1.543595818418116300e-02;2.210957478180931579e-01;-2.224078056308756435e-01;1.778441325816904894e-01;-6.322171253201561147e-02;1.043606136890649627e-01
7.053060970371991846e-04;2.162066770366092572e-01;-1.497793671241572089e-01;6.895370258416273768e-02;9.634882837526552446e-03;3.060589034803607444e-01;-2.795459308693395428e-01;1.004729563480698251e-01;1.461311608020200437e-01;5.749621978994639421e-02
2.116413915158052161e-01;-5.320823475014520298e-02;1.980114984408845591e-01;1.817706989798146544e-01;2.200847312997878530e-02;1.707721468692063871e-01;1.347410324285044370e-01;2.961213403232225705e-01;1.361810383765026111e-02;-7.695838732134147042e-02
1.524249571601956621e-01;1.531160039336302015e-01;-1.689200133467273490e-01;-2.787197233658210427e-02;-1.712405781906484459e-01;3.882097032475431697e-01;2.238597199188360840e-03;-1.599209481303875691e-01;-9.256165072925942594e-02;-1.039389549546731739e-01
-2.394786774311409572e-01;-1.180395093341593538e-02;2.967859868308302951e-01;1.142534402096947038e-01;1.130337337130268710e-01;-3.924821259205047985e-01;-3.240848753802995086e-01;1.078535753999697311e-01;1.506338845441068490e-02;2.146478056147450852e-01
3.004666834157893596e-01;-1.798157624211538588e-02;-3.225297314303747220e-01;-1.088771389722400923e-01;3.533920094452387417e-01;-7.635909674213625653e-02;-1.146125413731744064e-01;-1.543773960554130353e-01;-1.298998463756527166e-01;2.039207812142427440e-02
5.692633640522386240e-02;4.419143642854233417e-02;-5.586958314039457835e-02;1.709150830578642088e-01;-3.812882320466453590e-01;2.409232401232211662e-01;1.368119263277541298e-01;-1.262527540457498709e-01;3.243181511516933790e-01;9.273158076278636974e-02
4.234811226685016028e-03;-2.095579782575857641e-01;-4.511085675922099636e-01;2.274622283400887790e-01;2.328681350168620434e-01;8.050822250090826360e-02;2.419956839736312482e-01;1.492644298574823288e-02;3.790238923119382264e-02;8.970862054476929498e-03
7.604656807115391104e-02;-1.420253882105055598e-01;2.402245957271229304e-01;-3.281316855425145396e-01;-2.744919662752105527e-01;-2.066227495994634733e-01;2.927761737021743541e-02;-1.149093503015322371e-01;-2.494114683879112282e-01;3.013066407616970532e-01
-1.689759629860112800e-01;-1.494911682690154564e-01;-2.027561712018290940e-01;1.380481673356654098e-03;-2.940722247291570057e-01;2.901240812051428947e-02;5.190740472060969418e-02;-2.506334112963692351e-01;-1.508954220957718084e-01;1.977425097696399736e-01
3.160340765956092812e-01;1.395651340032091625e-01;2.550151146767979382e-01;-3.916074559298572677e-02;-1.163136942254285738e-01;4.209654713117432639e-02;1.439622802077291687e-02;-9.425403815631624993e-02;1.456918803332771239e-01;1.616298257669861183e-01
-2.321579828220506070e-01;1.276980090521428746e-01;-7.761914085543376862e-02;-3.196597138556370177e-02;-1.370848385793435320e-01;-1.229859316718093648e-01;-1.394715778944284057e-01;9.324121731612459996e-02;-2.226264615229245625e-01;1.394318733758206919e-02
-1.447196592220442168e-01;3.866531086052583943e-02;-3.578170333630202316e-01;-1.148446140754358774e-01;-1.080419311857395703e-01;9.967609205520167048e-02;-1.862002872344547810e-01;2.383951044168561573e-01;5.673953031967872429e-02;8.910007565626776316e-02
9.472197201935096678e-02;-3.541022220520141650e-03;-1.611023185836580815e-02;-8.241565737155609472e-02;-3.224807255666277406e-02;2.144001594847782730e-02;2.562521375147432945e-01;1.049122811800822369e-01;-1.650186852472613763e-01;-4.555565473988339165e-02
1.650606136147297343e-01;-6.538972348519656030e-02;1.447934915974131986e-01;-1.207642427560980981e-02;-1.826497959248967184e-01;-2.095865006575146072e-01;-1.558526505714483423e-01;3.279887095239175099e-01;-3.856308858874958612e-02;6.626266691155442701e-02
-2.117646656912568481e-01;2.429234185679245150e-01;-9.211771073078804661e-02;1.804281979956321169e-01;-2.802424633356502548e-02;2.497877136296030864e-01;-1.572563404331450421e-01;-4.112521361763475658e-02;-2.341592099489439860e-01;1.002266737355676507e-01
-1.864671792830713826e-01;-5.803631096295035902e-02;-2.690123467874343532e-01;6.309553733797082856e-03;-2.258956380698732835e-01;8.561750078437241340e-02;-9.444891131916842431e-02;7.320405127606305351e-02;1.600570078169817057e-01;-1.048112069971789823e-01
-9.017287801476309150e-02;-4.389588610978510663e-03;-1.676497187674168832e-01;-1.046167098957002106e-01;-3.854245696118950570e-02;2.879490224799902132e-01;-2.283117657790967869e-01;-2.489882834401386386e-02;-2.135862174206291930e-02;-1.784493797052244812e-01
1.675218970278656919e-02;9.238252849598370398e-02;-1.347531944957702232e-01;2.250491118821277836e-01;7.416975325207481040e-02;-2.599303822927651053e-01;-2.187500020638654397e-01;-5.429860326635229523e-02;4.940049387665277486e-02;4.184104944581604896e-02
9.621724530685973886e-02;-7.968962073776435229e-02;-9.307998001037291746e-02;-1.301039557735380603e-01;3.307630558911834884e-01;1.056773578614660786e-01;-8.319428481593539593e-03;-1.198090635849811542e-01;-1.065769004411800530e-01;-2.520184316337290564e-01
-2.409796869214984524e-02;-3.843362660749584658e-01;5.387766103503455889e-02;1.432413780091335853e-01;7.467374337809906670e-02;2.659401532554766523e-01;2.223941671868670811e-01;-1.238290733357367140e-01;-1.442100394616838421e-01;-4.220777937848788075e-02
-1.447601630107113457e-01;1.833821891333947129e-01;-1.637514390557492650e-01;-9.988471327332215655e-02;-1.296415203415068607e-01;1.408204168504597620e-01;-4.575367814478140671e-01;7.158030847942074837e-02;3.497315554703733231e-01;3.551110520449888425e-02
4.165361574983072329e-02;7.845381832090683738e-02;3.373819821309079203e-01;-6.426468723542466677e-02;-1.244112809835442729e-01;-2.805244240350337481e-01;-1.767165279556298929e-01;1.994491924588025766e-01;1.973128148244256141e-01;-2.094316337266202421e-01
5.563230400808034937e-02;3.567569984490974733e-01;-2.257407269315362883e-02;-2.853698665127029632e-01;-1.308122920662322386e-01;2.067169082449823447e-01;5.871679634544830356e-02;6.189364963820700311e-02;1.453983169814924634e-02;3.901660148544328632e-01
1.309378098020904657e-01;-1.186064222726183198e-01;1.665889730662466484e-01;1.177836215362037531e-01;-9.702641181685020544e-02;3.246965976567293133e-01;-1.239912447796042844e-01;1.724009915700528695e-01;-2.496899670007724503e-01;1.379679584590929320e-01
-4.761885511568806489e-02;-1.450931755674987889e-01;-2.667888216803989132e-01;1.717356312153982267e-01;3.967467495896787044e-02;1.459551551384086210e-01;-1.396530805333167646e-01;-2.313525584882462349e-01;-1.965050949779784673e-01;1.919812185182283581e-01
9.597225100904062389e-02;-1.994546785096312433e-02;3.446998891368897172e-02;3.526507596381633358e-01;-9.870927954695994655e-02;-2.603422114793230852e-02;3.285378133625831837e-02;2.304335988646647460e-01;-2.220586850490571251e-01;2.839114960359034878e-01
2.826463391908551892e-01;-1.913749848038489576e-01;3.385898157963824345e-02;7.998076164579094940e-03;2.433705123327733477e-01;-1.778630324010741226e-01;-2.451244995661994164e-01;3.537893400704752306e-02;-1.517566508140750781e-01;2.531388673607574691e-01
1.054467433128030290e-01;-4.031760574542797571e-01;1.644283148021370711e-01;1.298947369153040932e-01;4.517234742405005360e-02;3.129091359078865486e-01;-1.735616859746626217e-02;-5.491113951859610820e-02;-1.368969909253207051e-01;2.200334592452719285e-01
-1.126432613659976573e-01;1.427928941321894851e-01;-1.371026307615795525e-01;-1.725998220058901078e-01;2.055002767664732832e-01;-2.068800361554501421e-01;-2.225416660491164045e-01;8.537674500398290123e-02;3.450493212161938050e-01;-2.928930725722452694e-02
1.221457681111961929e-01;6.434586394854893698e-02;2.780567296722153414e-01;-2.156358245351139291e-03;1.321538798309306872e-01;-1.312827084908943787e-01;-3.289873902845776715e-02;-1.518983174867229169e-01;1.761351326725804911e-01;-2.620647543747784414e-01
8.048859105341880926e-02;2.341233080071679351e-01;-2.437766455182105996e-01;2.413808687854099300e-01;-9.176840692484809769e-02;1.479018380996011961e-01;-6.196185483393134436e-02;-2.761510688935412405e-01;1.471225939144435169e-01;-2.673397577092025412e-01
-2.140362719388680113e-01;-2.806400413977602759e-02;1.908786434737944071e-01;1.676412494020217414e-01;-9.014080890406053759e-02;-9.636828837089740640e-02;-2.907643168089567576e-01;2.204767836854304441e-01;-9.974846679000727578e-02;-3.470482987655403861e-01
2.380463637737406379e-01;-8.758157043520416185e-02;-1.151998343927911755e-01;-3.934860052357677107e-01;-2.625801257536872768e-01;-8.291436839610184795e-02;-1.430520133881591216e-01;1.606936282584088271e-01;3.192893539103056622e-01;-3.038796433050455215e-01
-3.312637883019689533e-01;-4.084860527457974677e-01;-6.070443692077190367e-02;-3.417763293593857887e-01;1.991018029887809404e-01;9.766240668794162749e-02;1.401600922420557227e-01;9.823892138081954939e-02;2.120831591558507145e-01;3.861333678726137572e-03
-2.401697828231290355e-01;1.101080685336537079e-01;-7.364040988382135333e-02;-2.239398363862584729e-01;-1.884019043093615176e-01;1.347372903926375917e-03;-1.976461777268106734e-01;-1.396354510487741729e-01;-8.367589291393080775e-02;-1.025120413192111002e-01
1.091687103610724241e-01;-9.684024814814569393e-03;9.926960920575576830e-02;1.323617790883589718e-01;4.355938968076918799e-02;-1.889292781365171925e-01;6.111220303834821732e-02;-6.799944707864673255e-02;1.524644714650368327e-01;-1.808413934176762716e-01
2.063424329896065279e-01;7.816018583537370779e-02;2.948791281462140312e-01;-3.232746878184323408e-02;5.947344432011139603e-02;-1.967152742870278137e-01;-1.981824447732936645e-01;-7.302462647492315162e-02;-8.206596208134495085e-02;4.106996442170805506e-01
1.704907845007050116e-01;-1.964464669238053796e-01;1.174704635994247015e-01;4.396833335047425906e-02;-1.218350692127046220e-01;1.826224063582657098e-01;-2.491091565274761999e-01;1.124647123167912127e-01;1.593017049289608966e-01;3.661686891024893420e-01
1.689674861489298130e-01;6.652085375808061696e-02;1.792442235403918227e-01;-1.819808589445055524e-01;2.030704962925045098e-01;6.385268017702748489e-02;-4.579513644044326814e-01;-1.920194766920830520e-01;2.606447603786856693e-01;-1.345437490356417125e-02
-3.897642065736348083e-02;1.724743492325869487e-01;1.747678550780923379e-01;-1.392363157958676767e-01;-1.842350972234366724e-01;6.025225845034987669e-03;-2.673547277314655690e-01;1.265541198440036930e-01;-3.439514826566512085e-01;1.013712407707761803e-01
1.433302668047790329e-01;-2.657571503102143518e-01;-1.451745409951538945e-01;-1.192145792395897241e-01;-1.467140543803464314e-01;-4.051933692505714779e-01;3.006986678060121626e-02;-8.102037522959191010e-03;-1.348336581499286757e-01;-1.468412495824626685e-01
4.819137943896521781e-02;6.829061072802182497e-02;-1.658186063218273706e-02;-3.179582409301321966e-01;-2.246054279688677047e-01;2.985192824509844689e-01;6.798509882448938724e-02;3.492032356253162856e-02;1.657730553301594301e-01;-1.028500712532367523e-01
-1.827688437735185967e-01;-3.376738965893609223e-01;3.324474670156648409e-02;-3.446431117984032899e-01;2.119622314820369391e-01;-1.152667937102137830e-01;6.832078272755194581e-02;-2.947401461167111769e-01;6.462956164137230453e-02;-2.797770431672256808e-01
-1.224539492643880734e-02;2.365603548820512103e-01;-1.956860294581576898e-01;7.844376954399422119e-02;1.228052875108158470e-01;-7.862884431636029542e-03;1.511799424790887802e-01;-1.685945138581166070e-01;-2.698364856977252813e-01;-7.117231769602858082e-02
-1.812151044812738698e-01;3.469937203366627032e-01;1.447287108685525736e-01;-2.077708528423906909e-01;-1.596528494193513170e-01;1.541538834742190722e-01;-1.574456658278767518e-01;-2.856739432208178497e-01;1.097070170276123607e-01;-2.004543266145907693e-02
-2.927619317457007542e-01;2.189260614803494875e-01;6.637246548697588178e-02;-1.221889504718464275e-01;-1.020338424155983470e-01;-2.031791082981838081e-01;3.046357663188540843e-01;-1.771407065128190739e-01;9.577949387162619510e-02;-7.439054375667766839e-02
-5.655246222955548352e-02;-7.050189274383229787e-02;2.983191313650435453e-02;1.615785144756010094e-01;1.082341550866462859e-01;6.625463124843257445e-02;1.587832287828170978e-03;-2.992643255168455085e-01;8.781250954822576726e-02;4.343463712993297920e-01
-2.299046388654366058e-02;1.386755783822298249e-01;1.518339093135601670e-01;-6.431295539654366400e-02;-1.194023055426238211e-02;1.859219832218260149e-01;-2.257882856962309115e-01;-1.812996474160539773e-01;-3.263859176095465497e-03;2.630056626221686233e-01
-4.107209257522033419e-02;-1.681935955325045140e-01;-1.647562555971688880e-01;1.042629047183701307e-01;-2.087850244830422863e-01;3.257348969880518533e-03;-7.911097227436407475e-02;1.850184895327375845e-01;-2.078366846385144850e-01;-2.560086543640522488e-02
-9.443488461071980478e-02;-2.035419553317313890e-01;1.737347082307994645e-02;8.068536521448770038e-02;-4.249677567244177778e-01;3.805391752748184531e-01;2.909791170109734537e-01;2.766873005013422149e-01;-2.722358225586548816e-02;2.118366321416341111e-02
-7.247168279838203664e-02;1.830839596307860251e-01;1.935121231013726406e-01;-1.210635968510752336e-02;1.194219619364070978e-01;4.948341080695753402e-02;-9.521875298184297176e-02;1.082457861015483497e-01;-7.319315714473491330e-02;6.768302469666417215e-03
-1.314258644815202437e-01;7.488466657002995630e-02;1.681726937465158889e-01;2.443884181253078158e-01;2.127479387371319745e-03;4.248927692226168729e-01;1.654699381596090937e-02;-2.972223798547395379e-01;-1.979806759712967601e-01;-2.132996901711681215e-01
3.050671186358352993e-01;-1.976484789958673216e-01;2.834242341036329882e-01;-1.811608205973015001e-02;-4.658904519145941336e-02;-3.559911271526487730e-02;1.791772388235520763e-01;-1.393027809141556828e-01;2.012264178253108937e-01;-2.794609841094778946e-01
-4.844377312126645768e-02;-2.980169753281111666e-01;-3.925628387445098677e-02;3.379925893333540765e-01;-3.439774735253257054e-01;2.330802184284964385e-01;-3.216214211842264858e-01;-1.640900853225270295e-01;3.039373430930044084e-01;1.833898322663144176e-01
-7.859549019837197559e-02;1.904024670270042241e-01;-3.603610474548207820e-01;-2.361234735289694242e-01;8.399515686168114448e-02;2.091297957672401953e-01;7.589994080190154424e-02;2.488028946485098397e-02;-3.907152759692106292e-02;-4.049418180349726448e-01
-1.507973238993111920e-01;-1.155176236000019369e-01;-1.457348962069046905e-01;1.624510326999282772e-01;1.825274292421482369e-01;7.092622139920182200e-02;1.551352838098228881e-01;-2.146336026243598483e-01;1.858750189937503072e-01;-3.388700350908081110e-02
-1.010454352978112508e-01;3.703071070804787000e-03;-3.049997556887375505e-01;-1.723493554122915994e-01;3.473169994984704346e-03;1.866367287744211956e-01;2.899776569140382620e-01;3.565934898741330850e-01;2.376771598965911614e-01;-3.231579057937515875e-01
1.354651320694448546e-01;1.252607638696226836e-02;4.779524764597264247e-02;3.504987155236713448e-01;-3.003124167415908985e-02;-7.485682888271814883e-02;1.707860689670900600e-01;-2.431318356189345053e-02;-2.244764234368593625e-01;-2.149781431810909860e-01
-3.198435688425910889e-02;-3.026256043166508092e-01;2.128765577318771432e-02;-3.262331288221668318e-02;1.366848226697486672e-02;-1.063537107466381026e-01;7.660207029494872644e-02;2.924266985869412583e-01;9.543329844325550149e-03;1.786577175535923323e-01
7.960360333308362513e-02;6.023728355244259251e-03;2.672161232691396271e-01;4.733408059354953651e-02;-7.266469744716873291e-02;-1.049360827980793352e-02;1.613143371453264197e-01;-2.800203652908056853e-02;3.012979536072341591e-01;4.647008898602369292e-02
-8.052593991469651769e-02;-1.029963536011088421e-01;-5.671683682447519609e-02;-1.075072623038605783e-02;-1.711596129269740141e-01;1.554067084515784736e-01;2.036419651501462091e-01;-2.432675036191070672e-01;1.676788124369559541e-01;-2.697354109017425783e-01
-1.876531775336171270e-01;1.616351426030203375e-01;2.684134775692280650e-01;7.346879806826835113e-02;-7.808661549117983103e-02;-6.844079986867611376e-02;-1.294123705533205271e-01;6.547240137548546168e-02;-1.601084094429436055e-01;-6.636112454584128240e-02
-1.462594688749856986e-01;-1.790335810682388007e-01;1.244341648973252001e-01;1.007207750188730128e-01;-2.035222725090239382e-01;8.668344531464698688e-02;2.926931404704587458e-01;1.044257190121768986e-01;6.219344939997706323e-02;1.718071422811558724e-01
1.220126865682322481e-01;1.348524153433694472e-01;-2.208707539645742846e-01;-1.096436698437627671e-01;-2.456000636340267829e-01;5.155767390550168583e-02;5.276305538673122658e-02;-5.970860027035638368e-02;5.589098869622771172e-03;3.491316226685401980e-01
1.256547306143730725e-01;6.820789745103753021e-02;2.150410115476566741e-01;-5.029833327769457352e-01;-1.608652232219225375e-01;1.959157402107047363e-01;-1.503323548775543916e-01;-1.446607926287296064e-01;-2.622370166993557294e-01;2.666484587439311715e-01
-2.446329726473676913e-02;9.362068063926354961e-03;-3.284736844554093094e-01;-4.561008384279975902e-01;1.623666737079877409e-01;2.271954432221715559e-01;-1.888562811450912315e-01;-2.157845679289746021e-01;1.493180620811102033e-01;2.872144729245826311e-01
4.143504860382323657e-02;-1.754546976835687222e-01;-1.225001688234377134e-01;-2.799397397066833437e-01;1.616380124899888526e-01;3.150976031908406250e-01;-6.381061537535287487e-02;1.240103933822285509e-01;-1.474074482369700789e-01;2.516251577950359697e-01
-1.915519583752578747e-01;-1.847771057969785635e-01;-2.060171987759339129e-01;1.672643345925759958e-02;-2.364328600400451286e-01;-8.706295180536761935e-02;-1.518919816178720961e-01;-1.098424978399936969e-01;-1.359386054871101479e-01;1.919160093547462448e-02
5.610862729156064488e-02;-6.265769244694617546e-02;3.062369514313180718e-01;-2.748304446063915552e-01;2.478494588403439558e-01;1.081081892159052316e-01;2.516611509076960296e-02;-1.562929796595213527e-01;-2.361233030939061672e-01;-1.353393984041807163e-01
1.488926604640937179e-01;-1.161381516367177014e-01;1.779175547490519649e-01;2.459516986177767983e-01;-9.330536898857151595e-02;-6.648500773887584814e-02;-1.550776461430896092e-01;1.241748851519846319e-01;1.668535054722772304e-01;5.553814973524830167e-02
-3.334334898669405467e-02;-2.582650580042679112e-01;7.071197351253487307e-02;-2.142896645591174654e-01;7.028847994248954567e-02;1.401649061370988450e-02;-3.867409527745878095e-01;2.567105207309844372e-01;2.832019868440773247e-01;5.241477291230714486e-03
-3.140981820260775326e-01;-1.194962001121875617e-01;2.071804554013619570e-01;-1.831972120307821111e-02;3.332324053446124312e-02;2.328881477589226645e-01;-9.383023052039583811e-02;2.217608266279668533e-02;2.162721760420550643e-01;-6.974560480154752551e-02
-2.737704816813376144e-02;1.402477930866033451e-01;2.768660120973331362e-01;1.192612531629906429e-02;1.674046905051059242e-01;-7.467477500206577690e-02;4.044374306486000353e-02;-2.078761500683530272e-01;-3.033337127320788751e-01;3.304936395033153951e-01
8.730180246568565450e-02;3.180010239293206142e-01;3.673358227957055910e-01;3.280263361826216140e-01;-1.642770563121384864e-01;-1.313106287103390224e-01;-1.238849336224055603e-01;2.895127919222947876e-01;-5.393116156122149812e-02;1.191059914906237305e-01
-2.078978278723873085e-01;-3.250652298149156461e-01;3.106010093421354701e-01;1.921150676459539297e-01;5.025495100735665188e-01;1.717647288934243469e-02;1.703180083549906687e-01;-1.219277400013827478e-01;9.659268174074647773e-02;-1.934126739495198588e-01
2.162558979124951097e-01;6.867480325775020267e-02;-1.753751812670553689e-01;1.203605372147262091e-02;1.627901035493267787e-03;-1.105559155368392027e-01;-1.291372646096072274e-01;-4.807784301622924916e-02;9.098586856078513807e-02;1.808478222421400217e-01
1.582445718821364755e-01;-3.119338033194710702e-01;-9.054659292300777651e-02;3.269761291565456696e-02;-1.406062183677877497e-01;-1.357845621175983453e-01;3.211267137008214645e-01;2.330178627596301288e-01;9.535106665525532044e-02;-2.490300085776913364e-01
3.634851863265169819e-02;6.025890792265317653e-02;-7.394368415314351607e-03;2.465328790901814560e-01;-2.720392001278392619e-02;-8.835827033301377198e-02;-5.240352897789767039e-02;-1.370540935395970217e-01;-4.837365663354404460e-02;-4.496597316496592917e-02
4.820066458645662355e-02;-3.033281802737513577e-01;1.260875692471281895e-01;-6.185698752974860132e-02;-6.369095144615607995e-02;-5.682610221095834024e-01;-3.145482014662288606e-01;1.545018851363915147e-01;-1.760609090934103227e-01;-9.242946068146394925e-03
1.565830193622584632e-01;-2.999442328844599825e-01;6.725392714444101971e-02;-1.711303392728806549e-01;-1.865146757453005344e-01;1.342825375179356184e-01;-5.758420296616437867e-02;-4.698613392934273270e-01;-1.888790688320477196e-01;1.982798937334746547e-01
-2.262599812935042198e-01;1.527496266874476261e-01;-1.107108029790018766e-01;-2.844156620483725417e-01;-3.967675793567473908e-01;-3.861644903718557953e-01;7.323013799390028222e-02;-2.592111410771373858e-01;6.735776132096077395e-02;-2.432416568826144959e-02
-1.002348647442815599e-01;-1.038372397283493336e-02;-3.148233556188119175e-01;-6.703953534396746294e-02;-5.282605876834613190e-02;-7.831578732072154436e-02;1.913997130115038525e-01;-3.099423133180965184e-01;7.435536291278084520e-02;2.337164854892992416e-01
7.472238671726232073e-02;-1.634038866926499634e-01;8.238134295622248290e-03;-2.509978526440633240e-01;-2.217697777894561684e-01;-6.807475000600715642e-02;5.639165669051266622e-02;5.865327170454921052e-02;2.346032775733948583e-01;4.302259778781682420e-01
2.418661168119247418e-01;5.667845071429421927e-02;1.822850714871487587e-01;1.305925349463400442e-01;-2.833472964119870818e-01;-9.978198895339140950e-02;-8.240967116678575566e-02;2.701580336157590259e-02;-2.219896412579315526e-01;-6.656076972207616849e-02
-7.423313031922738892e-02;8.096223571554547749e-02;-4.393195149014882811e-02;1.954517696595204079e-01;2.240282885195413742e-01;1.441325355970710376e-01;3.325395984486546191e-02;3.069544580068937489e-01;1.831492533281678936e-01;-3.049060858735345991e-02
-1.738579758935750175e-01;4.126384572789375954e-02;-5.451768449231004371e-02;5.853129110143019675e-02;-2.239737104897916165e-01;-1.917721372903540347e-02;-1.889141817838363990e-01;-2.581083886010339112e-01;5.993530429423920419e-02;9.067870790138217452e-03
-1.833962300426082159e-01;1.301324929312367151e-01;6.380929926938458396e-02;-4.883388722608178467e-02;1.624950244388374543e-01;1.849780187686918820e-01;-1.456685625505567128e-01;2.175249526780381748e-02;2.899922719741313548e-01;3.528823877394735714e-02
-3.160838225092811593e-02;-1.850993071191672085e-02;2.527775801087891461e-01;-2.960477136665454756e-01;-3.395817316832472899e-01;1.895007008904357054e-02;-2.107970239372057575e-01;8.626954416886245536e-02;-5.183902162672621855e-02;-1.814945132084804236e-01
-1.286388414185011264e-01;-2.491195776275936247e-01;-1.925740105609608510e-01;1.883656232175006939e-01;-1.121740776207144075e-01;-8.931740197794692249e-02;-1.238495538295055626e-01;1.293939667653359882e-01;-1.700593370879371624e-01;-1.094829803273371649e-01
-1.560386799580895656e-02;2.237539932679223909e-01;3.639033004712570185e-01;2.095293706013537649e-01;3.597682538790739626e-01;2.820897701419510795e-01;1.653970604413083079e-01;2.019301640802768916e-01;8.046136452922453275e-02;3.149391853186451762e-01
1.709988979697485423e-01;1.300276969115060632e-01;1.315523583150957632e-01;2.719730231430875778e-01;2.039203369508034713e-01;2.646544234295925557e-01;-3.646007456984382000e-02;-7.503036526468898071e-02;5.940295297047520212e-02;1.136458559901546567e-01
-1.914623403720024097e-01;1.484989159414214499e-01;-9.630166584090281423e-02;1.675180296022097115e-01;1.386095340214690552e-01;1.140580237714119635e-02;2.490870863166599197e-02;-2.274331267395856768e-02;-2.718792027293990277e-01;2.241158585587260318e-02
1.420691154241403575e-01;2.071058555278224370e-02;-1.867709026447086640e-01;6.654491763832573459e-02;-1.988091682330133392e-01;3.251386221262626136e-02;-2.344977995180820840e-01;-1.309789390883543680e-01;-3.194488491575305789e-01;1.225529607107990193e-01
-3.571056929259817242e-02;-2.139172065608425932e-01;-2.085570981236233370e-02;5.060850513308411819e-03;-1.387851601063390394e-01;-4.180354460843507119e-02;-2.036603488342184354e-01;-2.822169414052187464e-01;-4.125390681406365667e-01;9.764558861438144000e-02
1.348441955562336980e-01;-1.957113584928690531e-01;-9.673454469047464144e-02;1.131851564030879609e-01;2.329643529549892469e-02;5.320296895524161129e-02;-6.353353152979047958e-02;2.105857635337822498e-02;-2.270268822676433373e-01;9.645874387147479467e-02
-3.143160754680784930e-01;2.546301247448351686e-03;-2.177928547132028936e-01;3.190223262621191130e-02;-1.145398387390196560e-02;1.053111573009945234e-01;-1.180757247275958655e-01;1.138288029931764367e-01;1.681365855023460032e-01;-2.250107325826024036e-03
-2.740807462026949026e-01;-3.808494618286816791e-01;-3.740126914458966612e-01;-1.303555625411648433e-01;-4.106496207776633850e-02;-3.031537908833812356e-01;-3.601302085340678527e-01;-1.665516039936962289e-01;-8.480418973984713005e-02;-3.287266209607078160e-01
-2.499762367647166347e-02;-1.572546709958842492e-01;-1.976738170740118261e-01;3.136301190164776376e-01;1.203103165679870606e-01;-3.524189532160043048e-01;-2.998832607198690381e-01;2.490290160878154135e-01;-1.352205513449489423e-02;2.987815303871414474e-01
2.020119747010420963e-01;2.472053366752038905e-01;2.907741232604412196e-01;-1.667223640867248058e-01;-1.997712807705532279e-01;-2.668668778921266527e-01;-3.485770643686399439e-01;4.193265112845055709e-02;7.130577879112309780e-02;-4.666414067049701186e-02
6.549850378556761055e-02;-1.514137708605372556e-01;2.784758060819966102e-02;-2.200614788528243437e-02;-1.820944494417629234e-01;8.796604512300686129e-02;-2.396855857858701810e-01;-2.501779048190224120e-01;-3.392378821669115307e-01;2.131916741658702874e-02
1.594415297669768139e-01;2.698356748689899678e-02;1.820751699017649217e-01;1.029764231820241988e-01;1.899322699679928395e-01;-2.671692697683106243e-01;2.225465370922742325e-01;3.180133479561559340e-01;-2.907090605604242817e-01;2.235876286485241893e-01
7.741121901105957326e-02;-1.727164435148702548e-01;4.567809111495556296e-02;3.355310649423207670e-01;2.547128530498150856e-02;3.605152549694060071e-01;1.523038160728178991e-01;2.781385711017769768e-01;3.463153475877975285e-01;1.997191441639625253e-01
3.226252851668823945e-02;2.136341985392909426e-01;-5.051091587663102123e-02;-2.197127198397015868e-01;2.402804715227793153e-01;7.653175534214839981e-02;-2.441834167647658482e-01;3.256336375920693138e-01;-3.790566446161516834e-01;9.197742229896579969e-02
-5.535238963847300547e-02;-3.539203744365305715e-01;-2.073755823951507482e-01;-1.054488312330288807e-01;4.698583408810121098e-02;-2.374601118030616465e-01;-2.304652709174390413e-01;-2.229752224955197995e-02;-1.172999692244035691e-01;-2.196980868899546524e-01
-1.101699524012889758e-01;-1.552436727156261131e-01;-1.029216410165611773e-01;-9.674509831741426313e-02;2.357647422082067082e-02;-2.859988953292326719e-01;-2.730180832933887594e-02;-3.403388569648248541e-01;-2.429733537588603387e-01;-1.825495535152585891e-01
-1.274391088045652154e-01;4.272640827693549026e-01;-1.864588367780168343e-01;-1.897891267830064677e-01;4.025111111634752659e-01;1.535537892887265665e-01;4.364045502677180166e-01;2.566831144074150917e-01;-6.097867878089256038e-02;-5.027645673088058237e-02
9.098281895075988057e-02;1.314169067423974213e-01;8.757141971548600135e-02;-6.640609469814350019e-02;1.245448786489142395e-01;7.101026552443363837e-02;-2.193565644676658821e-01;1.071511805122889599e-01;-7.028389951925831380e-02;1.635341794782301517e-01
-3.911143705727097158e-02;-3.530663181923644756e-02;1.367028678756283255e-01;-2.254237184071456457e-01;-1.565701160571881800e-01;-6.536753757263025211e-02;2.744811553244911329e-01;1.883056906599677727e-01;-1.213374859309918896e-01;-5.630766663501742680e-02
8.134850801811474574e-02;2.524955313561538794e-01;-1.865850620900425805e-01;-2.658824085608932353e-01;-2.071352543534491289e-02;1.549686545194544490e-02;1.228874559985648901e-01;6.926276089955886450e-02;3.727008646030249284e-01;1.276743304326900252e-01
2.046442345711070865e-01;-2.290387621260584622e-02;-1.359190843204037547e-01;1.564857450926809834e-01;-3.291932156868149772e-01;1.090610263600468588e-01;1.628968327538551364e-01;-1.518133109961875837e-01;3.427961975727910615e-01;2.091873904635899450e-01
-2.610778637520654866e-01;-2.904448259154631673e-01;-1.458141153470340068e-01;1.585417265107056939e-01;1.563137464254709189e-02;-8.074793648173954341e-02;6.170950302906774709e-02;-2.871378506311392798e-01;1.012681871210766860e-01;-1.168702745918567126e-01
1.658196850229572417e-01;1.798506109188204027e-01;2.471394506510515843e-02;-2.745422156391693624e-01;-3.744486390333968268e-02;1.568938714220030617e-01;9.082337013859077823e-02;-3.359902030166203590e-02;3.401978802569603499e-01;1.390700323775193314e-01
4.060247937747465258e-02;1.826967788930757008e-01;2.641077575655785270e-01;-2.834292403193592463e-02;-6.337005450523901240e-02;-3.169025649116373466e-02;1.346449476319121208e-01;-2.244146833043682288e-01;3.784110613744213689e-03;3.606275309930737638e-01
-2.316324484611469725e-01;-7.474954047106110999e-02;-8.284880819302450905e-02;-1.827104844562547070e-01;1.255985966706136825e-01;-8.014202555714086684e-02;1.421147943068434838e-01;-1.424203902966107715e-01;-2.855083700457289667e-02;-7.539773884159739481e-02
-3.074406297047516667e-01;2.587419621826438365e-01;1.107170239882139667e-01;-2.231591083959235944e-01;1.711949002131649133e-01;-1.462094585231803745e-01;-6.983010838872635850e-02;-3.012155930793110614e-01;4.586530305973063326e-02;1.376532922080629939e-01
